<gmd:MD_Metadata xmlns:gml="http://www.opengis.net/gml" xmlns:gco="http://www.isotc211.org/2005/gco" xmlns:gts="http://www.isotc211.org/2005/gts" xmlns:gmd="http://www.isotc211.org/2005/gmd" xmlns="http://www.isotc211.org/2005/gmd">
  <gmd:language>
    <gco:CharacterString>eng</gco:CharacterString>
  </gmd:language>
  <gmd:characterSet>
    <gmd:MD_CharacterSetCode codeList="./resources/codeList.xml#MD_CharacterSetCode" codeListValue="004"/>
  </gmd:characterSet>
  <gmd:hierarchyLevel>
    <gmd:MD_ScopeCode codeList="./resources/codeList.xml#MD_ScopeCode" codeListValue="005"/>
  </gmd:hierarchyLevel>
  <gmd:hierarchyLevelName>
    <gco:CharacterString>dataset</gco:CharacterString>
  </gmd:hierarchyLevelName>
  <gmd:contact>
    <gmd:CI_ResponsibleParty>
      <gmd:individualName>
        <gco:CharacterString>Geospatial Team</gco:CharacterString>
      </gmd:individualName>
      <gmd:organisationName>
        <gco:CharacterString>Stats NZ</gco:CharacterString>
      </gmd:organisationName>
      <gmd:contactInfo>
        <gmd:CI_Contact>
          <gmd:phone>
            <gmd:CI_Telephone>
              <gmd:voice>
                <gco:CharacterString>0508 525 525</gco:CharacterString>
              </gmd:voice>
            </gmd:CI_Telephone>
          </gmd:phone>
          <gmd:address>
            <gmd:CI_Address>
              <gmd:electronicMailAddress>
                <gco:CharacterString>geography@stats.govt.nz</gco:CharacterString>
              </gmd:electronicMailAddress>
            </gmd:CI_Address>
          </gmd:address>
        </gmd:CI_Contact>
      </gmd:contactInfo>
      <gmd:role>
        <gmd:CI_RoleCode codeList="./resources/codeList.xml#CI_RoleCode" codeListValue="002"/>
      </gmd:role>
    </gmd:CI_ResponsibleParty>
  </gmd:contact>
  <gmd:dateStamp>
    <gco:DateTime>20210730</gco:DateTime>
  </gmd:dateStamp>
  <gmd:metadataStandardName>
    <gco:CharacterString>ISO 19115:2003/19139</gco:CharacterString>
  </gmd:metadataStandardName>
  <gmd:metadataStandardVersion>
    <gco:CharacterString>1.0</gco:CharacterString>
  </gmd:metadataStandardVersion>
  <gmd:spatialRepresentationInfo>
    <gmd:MD_VectorSpatialRepresentation>
      <gmd:topologyLevel>
        <gmd:MD_TopologyLevelCode codeList="./resources/codeList.xml#MD_TopologyLevelCode" codeListValue="001"/>
      </gmd:topologyLevel>
      <gmd:geometricObjects>
        <gmd:MD_GeometricObjects>
          <gmd:geometricObjectType>
            <gmd:MD_GeometricObjectTypeCode codeList="./resources/codeList.xml#MD_GeometricObjectTypeCode" codeListValue="002"/>
          </gmd:geometricObjectType>
          <gmd:geometricObjectCount>
            <gco:Integer>239</gco:Integer>
          </gmd:geometricObjectCount>
        </gmd:MD_GeometricObjects>
      </gmd:geometricObjects>
    </gmd:MD_VectorSpatialRepresentation>
  </gmd:spatialRepresentationInfo>
  <gmd:referenceSystemInfo>
    <gmd:MD_ReferenceSystem>
      <gmd:referenceSystemIdentifier>
        <gmd:RS_Identifier>
          <gmd:code>
            <gco:CharacterString/>
          </gmd:code>
        </gmd:RS_Identifier>
      </gmd:referenceSystemIdentifier>
    </gmd:MD_ReferenceSystem>
  </gmd:referenceSystemInfo>
  <gmd:identificationInfo>
    <gmd:MD_DataIdentification>
      <gmd:citation>
        <gmd:CI_Citation>
          <gmd:title>
            <gco:CharacterString>WARD2015_clipped</gco:CharacterString>
          </gmd:title>
          <gmd:citedResponsibleParty>
            <gmd:CI_ResponsibleParty>
              <gmd:individualName>
                <gco:CharacterString>Geospatial Analyst</gco:CharacterString>
              </gmd:individualName>
              <gmd:organisationName>
                <gco:CharacterString>Stats NZ</gco:CharacterString>
              </gmd:organisationName>
              <gmd:contactInfo>
                <gmd:CI_Contact>
                  <gmd:phone>
                    <gmd:CI_Telephone>
                      <gmd:voice>
                        <gco:CharacterString>0508 525 525</gco:CharacterString>
                      </gmd:voice>
                    </gmd:CI_Telephone>
                  </gmd:phone>
                  <gmd:address>
                    <gmd:CI_Address>
                      <gmd:electronicMailAddress>
                        <gco:CharacterString>geography@stats.govt.nz</gco:CharacterString>
                      </gmd:electronicMailAddress>
                    </gmd:CI_Address>
                  </gmd:address>
                </gmd:CI_Contact>
              </gmd:contactInfo>
              <gmd:role>
                <gmd:CI_RoleCode codeList="./resources/codeList.xml#CI_RoleCode" codeListValue="003"/>
              </gmd:role>
            </gmd:CI_ResponsibleParty>
          </gmd:citedResponsibleParty>
          <gmd:presentationForm>
            <gmd:CI_PresentationFormCode codeList="./resources/codeList.xml#CI_PresentationFormCode" codeListValue="005"/>
          </gmd:presentationForm>
        </gmd:CI_Citation>
      </gmd:citation>
      <gmd:abstract>
        <gco:CharacterString>&lt;DIV STYLE="text-align:Left;"&gt;&lt;P STYLE="margin:0 0 14 0;"&gt;&lt;SPAN&gt;This dataset is the definitive set of ward boundaries at 1 January 2015 as defined by the territorial authorities and/or Local Government Commission, but maintained by Statistics New Zealand (the custodian).&lt;/SPAN&gt;&lt;/P&gt;&lt;P STYLE="margin:0 0 14 0;"&gt;&lt;SPAN&gt;Wards were originally set up within any territorial authority with a population of at least 20,000. Wards are defined under the Local Electoral Act 2001 and result from dividing a territorial authority for electoral purposes. The ward system was designed to allow for the recognition of communities within a territorial authority and to increase community involvement in the local government system.&lt;/SPAN&gt;&lt;/P&gt;&lt;P STYLE="margin:0 0 14 0;"&gt;&lt;SPAN&gt;Territorial authorities can now choose whether they would like to maintain electoral wards. As a result, the number of wards has steadily decreased since they were first created in 1989. Ward boundaries are reviewed in the year before the three-yearly local government elections. &lt;/SPAN&gt;&lt;/P&gt;&lt;P STYLE="margin:0 0 14 0;"&gt;&lt;SPAN&gt;The following table lists the total number of wards by year:&lt;/SPAN&gt;&lt;/P&gt;&lt;TABLE STYLE="margin:0 0 0 1;"&gt;&lt;TBODY&gt;&lt;TR&gt;&lt;TD STYLE="padding:0 8 0 8;"&gt;&lt;P STYLE="font-weight:bold;margin:0 0 0 0;"&gt;&lt;SPAN&gt;&lt;SPAN&gt;Year&lt;/SPAN&gt;&lt;/SPAN&gt;&lt;/P&gt;&lt;/TD&gt;&lt;TD STYLE="padding:0 8 0 8;"&gt;&lt;P STYLE="font-weight:bold;margin:0 0 0 0;"&gt;&lt;SPAN&gt;&lt;SPAN&gt;Ward totals&lt;/SPAN&gt;&lt;/SPAN&gt;&lt;/P&gt;&lt;/TD&gt;&lt;/TR&gt;&lt;TR&gt;&lt;TD STYLE="padding:0 8 0 8;"&gt;&lt;P STYLE="margin:0 0 0 0;"&gt;&lt;SPAN&gt;&lt;SPAN&gt;1989&lt;/SPAN&gt;&lt;/SPAN&gt;&lt;/P&gt;&lt;/TD&gt;&lt;TD STYLE="padding:0 8 0 8;"&gt;&lt;P STYLE="margin:0 0 0 0;"&gt;&lt;SPAN&gt;&lt;SPAN&gt;409&lt;/SPAN&gt;&lt;/SPAN&gt;&lt;/P&gt;&lt;/TD&gt;&lt;/TR&gt;&lt;TR&gt;&lt;TD STYLE="padding:0 8 0 8;"&gt;&lt;P STYLE="margin:0 0 0 0;"&gt;&lt;SPAN&gt;&lt;SPAN&gt;1992&lt;/SPAN&gt;&lt;/SPAN&gt;&lt;/P&gt;&lt;/TD&gt;&lt;TD STYLE="padding:0 8 0 8;"&gt;&lt;P STYLE="margin:0 0 0 0;"&gt;&lt;SPAN&gt;&lt;SPAN&gt;380&lt;/SPAN&gt;&lt;/SPAN&gt;&lt;/P&gt;&lt;/TD&gt;&lt;/TR&gt;&lt;TR&gt;&lt;TD STYLE="padding:0 8 0 8;"&gt;&lt;P STYLE="margin:0 0 0 0;"&gt;&lt;SPAN&gt;&lt;SPAN&gt;1995&lt;/SPAN&gt;&lt;/SPAN&gt;&lt;/P&gt;&lt;/TD&gt;&lt;TD STYLE="padding:0 8 0 8;"&gt;&lt;P STYLE="margin:0 0 0 0;"&gt;&lt;SPAN&gt;&lt;SPAN&gt;366&lt;/SPAN&gt;&lt;/SPAN&gt;&lt;/P&gt;&lt;/TD&gt;&lt;/TR&gt;&lt;TR&gt;&lt;TD STYLE="padding:0 8 0 8;"&gt;&lt;P STYLE="margin:0 0 0 0;"&gt;&lt;SPAN&gt;&lt;SPAN&gt;1998&lt;/SPAN&gt;&lt;/SPAN&gt;&lt;/P&gt;&lt;/TD&gt;&lt;TD STYLE="padding:0 8 0 8;"&gt;&lt;P STYLE="margin:0 0 0 0;"&gt;&lt;SPAN&gt;&lt;SPAN&gt;332&lt;/SPAN&gt;&lt;/SPAN&gt;&lt;/P&gt;&lt;/TD&gt;&lt;/TR&gt;&lt;TR&gt;&lt;TD STYLE="padding:0 8 0 8;"&gt;&lt;P STYLE="margin:0 0 0 0;"&gt;&lt;SPAN&gt;&lt;SPAN&gt;2001&lt;/SPAN&gt;&lt;/SPAN&gt;&lt;/P&gt;&lt;/TD&gt;&lt;TD STYLE="padding:0 8 0 8;"&gt;&lt;P STYLE="margin:0 0 0 0;"&gt;&lt;SPAN&gt;&lt;SPAN&gt;328&lt;/SPAN&gt;&lt;/SPAN&gt;&lt;/P&gt;&lt;/TD&gt;&lt;/TR&gt;&lt;TR&gt;&lt;TD STYLE="padding:0 8 0 8;"&gt;&lt;P STYLE="margin:0 0 0 0;"&gt;&lt;SPAN&gt;&lt;SPAN&gt;2002&lt;/SPAN&gt;&lt;/SPAN&gt;&lt;/P&gt;&lt;/TD&gt;&lt;TD STYLE="padding:0 8 0 8;"&gt;&lt;P STYLE="margin:0 0 0 0;"&gt;&lt;SPAN&gt;&lt;SPAN&gt;320&lt;/SPAN&gt;&lt;/SPAN&gt;&lt;/P&gt;&lt;/TD&gt;&lt;/TR&gt;&lt;TR&gt;&lt;TD STYLE="padding:0 8 0 8;"&gt;&lt;P STYLE="margin:0 0 0 0;"&gt;&lt;SPAN&gt;&lt;SPAN&gt;2003&lt;/SPAN&gt;&lt;/SPAN&gt;&lt;/P&gt;&lt;/TD&gt;&lt;TD STYLE="padding:0 8 0 8;"&gt;&lt;P STYLE="margin:0 0 0 0;"&gt;&lt;SPAN&gt;&lt;SPAN&gt;320&lt;/SPAN&gt;&lt;/SPAN&gt;&lt;/P&gt;&lt;/TD&gt;&lt;/TR&gt;&lt;TR&gt;&lt;TD STYLE="padding:0 8 0 8;"&gt;&lt;P STYLE="margin:0 0 0 0;"&gt;&lt;SPAN&gt;&lt;SPAN&gt;2004&lt;/SPAN&gt;&lt;/SPAN&gt;&lt;/P&gt;&lt;/TD&gt;&lt;TD STYLE="padding:0 8 0 8;"&gt;&lt;P STYLE="margin:0 0 0 0;"&gt;&lt;SPAN&gt;&lt;SPAN&gt;320&lt;/SPAN&gt;&lt;/SPAN&gt;&lt;/P&gt;&lt;/TD&gt;&lt;/TR&gt;&lt;TR&gt;&lt;TD STYLE="padding:0 8 0 8;"&gt;&lt;P STYLE="margin:0 0 0 0;"&gt;&lt;SPAN&gt;&lt;SPAN&gt;2005&lt;/SPAN&gt;&lt;/SPAN&gt;&lt;/P&gt;&lt;/TD&gt;&lt;TD STYLE="padding:0 8 0 8;"&gt;&lt;P STYLE="margin:0 0 0 0;"&gt;&lt;SPAN&gt;&lt;SPAN&gt;286&lt;/SPAN&gt;&lt;/SPAN&gt;&lt;/P&gt;&lt;/TD&gt;&lt;/TR&gt;&lt;TR&gt;&lt;TD STYLE="padding:0 8 0 8;"&gt;&lt;P STYLE="margin:0 0 0 0;"&gt;&lt;SPAN&gt;&lt;SPAN&gt;2006 v1&lt;/SPAN&gt;&lt;/SPAN&gt;&lt;/P&gt;&lt;/TD&gt;&lt;TD STYLE="padding:0 8 0 8;"&gt;&lt;P STYLE="margin:0 0 0 0;"&gt;&lt;SPAN&gt;&lt;SPAN&gt;286&lt;/SPAN&gt;&lt;/SPAN&gt;&lt;/P&gt;&lt;/TD&gt;&lt;/TR&gt;&lt;TR&gt;&lt;TD STYLE="padding:0 8 0 8;"&gt;&lt;P STYLE="margin:0 0 0 0;"&gt;&lt;SPAN&gt;&lt;SPAN&gt;2006 v2&lt;/SPAN&gt;&lt;/SPAN&gt;&lt;/P&gt;&lt;/TD&gt;&lt;TD STYLE="padding:0 8 0 8;"&gt;&lt;P STYLE="margin:0 0 0 0;"&gt;&lt;SPAN&gt;&lt;SPAN&gt;284&lt;/SPAN&gt;&lt;/SPAN&gt;&lt;/P&gt;&lt;/TD&gt;&lt;/TR&gt;&lt;TR&gt;&lt;TD STYLE="padding:0 8 0 8;"&gt;&lt;P STYLE="margin:0 0 0 0;"&gt;&lt;SPAN&gt;&lt;SPAN&gt;2007&lt;/SPAN&gt;&lt;/SPAN&gt;&lt;/P&gt;&lt;/TD&gt;&lt;TD STYLE="padding:0 8 0 8;"&gt;&lt;P STYLE="margin:0 0 0 0;"&gt;&lt;SPAN&gt;&lt;SPAN&gt;284&lt;/SPAN&gt;&lt;/SPAN&gt;&lt;/P&gt;&lt;/TD&gt;&lt;/TR&gt;&lt;TR&gt;&lt;TD STYLE="padding:0 8 0 8;"&gt;&lt;P STYLE="margin:0 0 0 0;"&gt;&lt;SPAN&gt;&lt;SPAN&gt;2008&lt;/SPAN&gt;&lt;/SPAN&gt;&lt;/P&gt;&lt;/TD&gt;&lt;TD STYLE="padding:0 8 0 8;"&gt;&lt;P STYLE="margin:0 0 0 0;"&gt;&lt;SPAN&gt;&lt;SPAN&gt;275&lt;/SPAN&gt;&lt;/SPAN&gt;&lt;/P&gt;&lt;/TD&gt;&lt;/TR&gt;&lt;TR&gt;&lt;TD STYLE="padding:0 8 0 8;"&gt;&lt;P STYLE="margin:0 0 0 0;"&gt;&lt;SPAN&gt;&lt;SPAN&gt;2009&lt;/SPAN&gt;&lt;/SPAN&gt;&lt;/P&gt;&lt;/TD&gt;&lt;TD STYLE="padding:0 8 0 8;"&gt;&lt;P STYLE="margin:0 0 0 0;"&gt;&lt;SPAN&gt;&lt;SPAN&gt;275&lt;/SPAN&gt;&lt;/SPAN&gt;&lt;/P&gt;&lt;/TD&gt;&lt;/TR&gt;&lt;TR&gt;&lt;TD STYLE="padding:0 8 0 8;"&gt;&lt;P STYLE="margin:0 0 0 0;"&gt;&lt;SPAN&gt;&lt;SPAN&gt;2010&lt;/SPAN&gt;&lt;/SPAN&gt;&lt;/P&gt;&lt;/TD&gt;&lt;TD STYLE="padding:0 8 0 8;"&gt;&lt;P STYLE="margin:0 0 0 0;"&gt;&lt;SPAN&gt;&lt;SPAN&gt;275&lt;/SPAN&gt;&lt;/SPAN&gt;&lt;/P&gt;&lt;/TD&gt;&lt;/TR&gt;&lt;TR&gt;&lt;TD STYLE="padding:0 8 0 8;"&gt;&lt;P STYLE="margin:0 0 0 0;"&gt;&lt;SPAN&gt;&lt;SPAN&gt;2011&lt;/SPAN&gt;&lt;/SPAN&gt;&lt;/P&gt;&lt;/TD&gt;&lt;TD STYLE="padding:0 8 0 8;"&gt;&lt;P STYLE="margin:0 0 0 0;"&gt;&lt;SPAN&gt;&lt;SPAN&gt;248&lt;/SPAN&gt;&lt;/SPAN&gt;&lt;/P&gt;&lt;/TD&gt;&lt;/TR&gt;&lt;TR&gt;&lt;TD STYLE="padding:0 8 0 8;"&gt;&lt;P STYLE="margin:0 0 0 0;"&gt;&lt;SPAN&gt;&lt;SPAN&gt;2012&lt;/SPAN&gt;&lt;/SPAN&gt;&lt;/P&gt;&lt;/TD&gt;&lt;TD STYLE="padding:0 8 0 8;"&gt;&lt;P STYLE="margin:0 0 0 0;"&gt;&lt;SPAN&gt;&lt;SPAN&gt;248&lt;/SPAN&gt;&lt;/SPAN&gt;&lt;/P&gt;&lt;/TD&gt;&lt;/TR&gt;&lt;TR&gt;&lt;TD STYLE="padding:0 8 0 8;"&gt;&lt;P STYLE="margin:0 0 0 0;"&gt;&lt;SPAN&gt;&lt;SPAN&gt;2013&lt;/SPAN&gt;&lt;/SPAN&gt;&lt;/P&gt;&lt;/TD&gt;&lt;TD STYLE="padding:0 8 0 8;"&gt;&lt;P STYLE="margin:0 0 0 0;"&gt;&lt;SPAN&gt;&lt;SPAN&gt;248&lt;/SPAN&gt;&lt;/SPAN&gt;&lt;/P&gt;&lt;/TD&gt;&lt;/TR&gt;&lt;TR&gt;&lt;TD STYLE="padding:0 8 0 8;"&gt;&lt;P STYLE="margin:0 0 0 0;"&gt;&lt;SPAN&gt;&lt;SPAN&gt;2014&lt;/SPAN&gt;&lt;/SPAN&gt;&lt;/P&gt;&lt;/TD&gt;&lt;TD STYLE="padding:0 8 0 8;"&gt;&lt;P STYLE="margin:0 0 0 0;"&gt;&lt;SPAN&gt;&lt;SPAN&gt;227&lt;/SPAN&gt;&lt;/SPAN&gt;&lt;/P&gt;&lt;/TD&gt;&lt;/TR&gt;&lt;TR&gt;&lt;TD STYLE="padding:0 8 0 8;"&gt;&lt;P STYLE="margin:0 0 0 0;"&gt;&lt;SPAN&gt;&lt;SPAN&gt;2015&lt;/SPAN&gt;&lt;/SPAN&gt;&lt;/P&gt;&lt;/TD&gt;&lt;TD STYLE="padding:0 8 0 8;"&gt;&lt;P STYLE="margin:0 0 0 0;"&gt;&lt;SPAN&gt;&lt;SPAN&gt;227&lt;/SPAN&gt;&lt;/SPAN&gt;&lt;/P&gt;&lt;/TD&gt;&lt;/TR&gt;&lt;/TBODY&gt;&lt;/TABLE&gt;&lt;P STYLE="margin:0 0 14 0;"&gt;&lt;SPAN&gt;Wards are numbered based on their corresponding territorial authority. Each ward has a unique five-digit number. The first three digits represent the territorial authority that the ward lies within. The following two digits are sequential, and represent the number of wards within a territorial authority. For example, Westland District (051) has three wards, which are coded 05101, 05102, and 05103. &lt;/SPAN&gt;&lt;/P&gt;&lt;P STYLE="margin:0 0 14 0;"&gt;&lt;SPAN&gt;&lt;SPAN&gt;Several territorial authorities do not use wards. In the data, these territorial authorities use “99”&lt;/SPAN&gt;&lt;/SPAN&gt;&lt;SPAN&gt;&lt;SPAN&gt; at the end of the ward code, and the descriptor&lt;/SPAN&gt;&lt;/SPAN&gt;&lt;SPAN&gt;&lt;SPAN&gt; “Area Outside of Ward”&lt;/SPAN&gt;&lt;/SPAN&gt;&lt;SPAN&gt;. In 2015, the following territorial authorities do not use wards:&lt;/SPAN&gt;&lt;/P&gt;&lt;TABLE STYLE="margin:0 0 0 25;"&gt;&lt;TBODY&gt;&lt;TR&gt;&lt;TD STYLE="padding:0 8 0 8;"&gt;&lt;P STYLE="font-weight:bold;margin:0 0 0 0;"&gt;&lt;SPAN&gt;&lt;SPAN&gt;TA code&lt;/SPAN&gt;&lt;/SPAN&gt;&lt;/P&gt;&lt;/TD&gt;&lt;TD STYLE="padding:0 8 0 8;"&gt;&lt;P STYLE="font-weight:bold;margin:0 0 0 0;"&gt;&lt;SPAN&gt;&lt;SPAN&gt;Territorial authority name&lt;/SPAN&gt;&lt;/SPAN&gt;&lt;/P&gt;&lt;/TD&gt;&lt;TD STYLE="padding:0 8 0 8;"&gt;&lt;P STYLE="font-weight:bold;margin:0 0 0 0;"&gt;&lt;SPAN&gt;&lt;SPAN&gt;Ward code&lt;/SPAN&gt;&lt;/SPAN&gt;&lt;/P&gt;&lt;/TD&gt;&lt;/TR&gt;&lt;TR&gt;&lt;TD STYLE="padding:0 8 0 8;"&gt;&lt;P STYLE="margin:0 0 0 0;"&gt;&lt;SPAN&gt;&lt;SPAN&gt;024&lt;/SPAN&gt;&lt;/SPAN&gt;&lt;/P&gt;&lt;/TD&gt;&lt;TD STYLE="padding:0 8 0 8;"&gt;&lt;P STYLE="margin:0 0 0 0;"&gt;&lt;SPAN&gt;&lt;SPAN&gt;Rotorua District &lt;/SPAN&gt;&lt;/SPAN&gt;&lt;/P&gt;&lt;/TD&gt;&lt;TD STYLE="padding:0 8 0 8;"&gt;&lt;P STYLE="margin:0 0 0 0;"&gt;&lt;SPAN&gt;&lt;SPAN&gt;02499&lt;/SPAN&gt;&lt;/SPAN&gt;&lt;/P&gt;&lt;/TD&gt;&lt;/TR&gt;&lt;TR&gt;&lt;TD STYLE="padding:0 8 0 8;"&gt;&lt;P STYLE="margin:0 0 0 0;"&gt;&lt;SPAN&gt;&lt;SPAN&gt;026 &lt;/SPAN&gt;&lt;/SPAN&gt;&lt;/P&gt;&lt;/TD&gt;&lt;TD STYLE="padding:0 8 0 8;"&gt;&lt;P STYLE="margin:0 0 0 0;"&gt;&lt;SPAN&gt;&lt;SPAN&gt;Kawerau District&lt;/SPAN&gt;&lt;/SPAN&gt;&lt;/P&gt;&lt;/TD&gt;&lt;TD STYLE="padding:0 8 0 8;"&gt;&lt;P STYLE="margin:0 0 0 0;"&gt;&lt;SPAN&gt;&lt;SPAN&gt;02699&lt;/SPAN&gt;&lt;/SPAN&gt;&lt;/P&gt;&lt;/TD&gt;&lt;/TR&gt;&lt;TR&gt;&lt;TD STYLE="padding:0 8 0 8;"&gt;&lt;P STYLE="margin:0 0 0 0;"&gt;&lt;SPAN&gt;&lt;SPAN&gt;029&lt;/SPAN&gt;&lt;/SPAN&gt;&lt;/P&gt;&lt;/TD&gt;&lt;TD STYLE="padding:0 8 0 8;"&gt;&lt;P STYLE="margin:0 0 0 0;"&gt;&lt;SPAN&gt;&lt;SPAN&gt;Wairoa District&lt;/SPAN&gt;&lt;/SPAN&gt;&lt;/P&gt;&lt;/TD&gt;&lt;TD STYLE="padding:0 8 0 8;"&gt;&lt;P STYLE="margin:0 0 0 0;"&gt;&lt;SPAN&gt;&lt;SPAN&gt;02999&lt;/SPAN&gt;&lt;/SPAN&gt;&lt;/P&gt;&lt;/TD&gt;&lt;/TR&gt;&lt;TR&gt;&lt;TD STYLE="padding:0 8 0 8;"&gt;&lt;P STYLE="margin:0 0 0 0;"&gt;&lt;SPAN&gt;&lt;SPAN&gt;037&lt;/SPAN&gt;&lt;/SPAN&gt;&lt;/P&gt;&lt;/TD&gt;&lt;TD STYLE="padding:0 8 0 8;"&gt;&lt;P STYLE="margin:0 0 0 0;"&gt;&lt;SPAN&gt;&lt;SPAN&gt;Whanganui District&lt;/SPAN&gt;&lt;/SPAN&gt;&lt;/P&gt;&lt;/TD&gt;&lt;TD STYLE="padding:0 8 0 8;"&gt;&lt;P STYLE="margin:0 0 0 0;"&gt;&lt;SPAN&gt;&lt;SPAN&gt;03799&lt;/SPAN&gt;&lt;/SPAN&gt;&lt;/P&gt;&lt;/TD&gt;&lt;/TR&gt;&lt;TR&gt;&lt;TD STYLE="padding:0 8 0 8;"&gt;&lt;P STYLE="margin:0 0 0 0;"&gt;&lt;SPAN&gt;&lt;SPAN&gt;040&lt;/SPAN&gt;&lt;/SPAN&gt;&lt;/P&gt;&lt;/TD&gt;&lt;TD STYLE="padding:0 8 0 8;"&gt;&lt;P STYLE="margin:0 0 0 0;"&gt;&lt;SPAN&gt;&lt;SPAN&gt;Palmerston North City&lt;/SPAN&gt;&lt;/SPAN&gt;&lt;/P&gt;&lt;/TD&gt;&lt;TD STYLE="padding:0 8 0 8;"&gt;&lt;P STYLE="margin:0 0 0 0;"&gt;&lt;SPAN&gt;&lt;SPAN&gt;04099&lt;/SPAN&gt;&lt;/SPAN&gt;&lt;/P&gt;&lt;/TD&gt;&lt;/TR&gt;&lt;TR&gt;&lt;TD STYLE="padding:0 8 0 8;"&gt;&lt;P STYLE="margin:0 0 0 0;"&gt;&lt;SPAN&gt;&lt;SPAN&gt;045&lt;/SPAN&gt;&lt;/SPAN&gt;&lt;/P&gt;&lt;/TD&gt;&lt;TD STYLE="padding:0 8 0 8;"&gt;&lt;P STYLE="margin:0 0 0 0;"&gt;&lt;SPAN&gt;&lt;SPAN&gt;Upper Hutt City&lt;/SPAN&gt;&lt;/SPAN&gt;&lt;/P&gt;&lt;/TD&gt;&lt;TD STYLE="padding:0 8 0 8;"&gt;&lt;P STYLE="margin:0 0 0 0;"&gt;&lt;SPAN&gt;&lt;SPAN&gt;04599&lt;/SPAN&gt;&lt;/SPAN&gt;&lt;/P&gt;&lt;/TD&gt;&lt;/TR&gt;&lt;TR&gt;&lt;TD STYLE="padding:0 8 0 8;"&gt;&lt;P STYLE="margin:0 0 0 0;"&gt;&lt;SPAN&gt;&lt;SPAN&gt;049&lt;/SPAN&gt;&lt;/SPAN&gt;&lt;/P&gt;&lt;/TD&gt;&lt;TD STYLE="padding:0 8 0 8;"&gt;&lt;P STYLE="margin:0 0 0 0;"&gt;&lt;SPAN&gt;&lt;SPAN&gt;Carterton District&lt;/SPAN&gt;&lt;/SPAN&gt;&lt;/P&gt;&lt;/TD&gt;&lt;TD STYLE="padding:0 8 0 8;"&gt;&lt;P STYLE="margin:0 0 0 0;"&gt;&lt;SPAN&gt;&lt;SPAN&gt;04999&lt;/SPAN&gt;&lt;/SPAN&gt;&lt;/P&gt;&lt;/TD&gt;&lt;/TR&gt;&lt;TR&gt;&lt;TD STYLE="padding:0 8 0 8;"&gt;&lt;P STYLE="margin:0 0 0 0;"&gt;&lt;SPAN&gt;&lt;SPAN&gt;051&lt;/SPAN&gt;&lt;/SPAN&gt;&lt;/P&gt;&lt;/TD&gt;&lt;TD STYLE="padding:0 8 0 8;"&gt;&lt;P STYLE="margin:0 0 0 0;"&gt;&lt;SPAN&gt;&lt;SPAN&gt;Tasman District&lt;/SPAN&gt;&lt;/SPAN&gt;&lt;/P&gt;&lt;/TD&gt;&lt;TD STYLE="padding:0 8 0 8;"&gt;&lt;P STYLE="margin:0 0 0 0;"&gt;&lt;SPAN&gt;&lt;SPAN&gt;05199&lt;/SPAN&gt;&lt;/SPAN&gt;&lt;/P&gt;&lt;/TD&gt;&lt;/TR&gt;&lt;TR&gt;&lt;TD STYLE="padding:0 8 0 8;"&gt;&lt;P STYLE="margin:0 0 0 0;"&gt;&lt;SPAN&gt;&lt;SPAN&gt;052&lt;/SPAN&gt;&lt;/SPAN&gt;&lt;/P&gt;&lt;/TD&gt;&lt;TD STYLE="padding:0 8 0 8;"&gt;&lt;P STYLE="margin:0 0 0 0;"&gt;&lt;SPAN&gt;&lt;SPAN&gt;Nelson City&lt;/SPAN&gt;&lt;/SPAN&gt;&lt;/P&gt;&lt;/TD&gt;&lt;TD STYLE="padding:0 8 0 8;"&gt;&lt;P STYLE="margin:0 0 0 0;"&gt;&lt;SPAN&gt;&lt;SPAN&gt;05299&lt;/SPAN&gt;&lt;/SPAN&gt;&lt;/P&gt;&lt;/TD&gt;&lt;/TR&gt;&lt;TR&gt;&lt;TD STYLE="padding:0 8 0 8;"&gt;&lt;P STYLE="margin:0 0 0 0;"&gt;&lt;SPAN&gt;&lt;SPAN&gt;054&lt;/SPAN&gt;&lt;/SPAN&gt;&lt;/P&gt;&lt;/TD&gt;&lt;TD STYLE="padding:0 8 0 8;"&gt;&lt;P STYLE="margin:0 0 0 0;"&gt;&lt;SPAN&gt;&lt;SPAN&gt;Kaikoura District&lt;/SPAN&gt;&lt;/SPAN&gt;&lt;/P&gt;&lt;/TD&gt;&lt;TD STYLE="padding:0 8 0 8;"&gt;&lt;P STYLE="margin:0 0 0 0;"&gt;&lt;SPAN&gt;&lt;SPAN&gt;05499&lt;/SPAN&gt;&lt;/SPAN&gt;&lt;/P&gt;&lt;/TD&gt;&lt;/TR&gt;&lt;TR&gt;&lt;TD STYLE="padding:0 8 0 8;"&gt;&lt;P STYLE="margin:0 0 0 0;"&gt;&lt;SPAN&gt;&lt;SPAN&gt;067&lt;/SPAN&gt;&lt;/SPAN&gt;&lt;/P&gt;&lt;/TD&gt;&lt;TD STYLE="padding:0 8 0 8;"&gt;&lt;P STYLE="margin:0 0 0 0;"&gt;&lt;SPAN&gt;&lt;SPAN&gt;Chatham Islands Territory&lt;/SPAN&gt;&lt;/SPAN&gt;&lt;/P&gt;&lt;/TD&gt;&lt;TD STYLE="padding:0 8 0 8;"&gt;&lt;P STYLE="margin:0 0 0 0;"&gt;&lt;SPAN&gt;&lt;SPAN&gt;06799&lt;/SPAN&gt;&lt;/SPAN&gt;&lt;/P&gt;&lt;/TD&gt;&lt;/TR&gt;&lt;TR&gt;&lt;TD STYLE="padding:0 8 0 8;"&gt;&lt;P STYLE="margin:0 0 0 0;"&gt;&lt;SPAN&gt;&lt;SPAN&gt;075&lt;/SPAN&gt;&lt;/SPAN&gt;&lt;/P&gt;&lt;/TD&gt;&lt;TD STYLE="padding:0 8 0 8;"&gt;&lt;P STYLE="margin:0 0 0 0;"&gt;&lt;SPAN&gt;&lt;SPAN&gt;Invercargill City &lt;/SPAN&gt;&lt;/SPAN&gt;&lt;/P&gt;&lt;/TD&gt;&lt;TD STYLE="padding:0 8 0 8;"&gt;&lt;P STYLE="margin:0 0 0 0;"&gt;&lt;SPAN&gt;&lt;SPAN&gt;07599&lt;/SPAN&gt;&lt;/SPAN&gt;&lt;/P&gt;&lt;/TD&gt;&lt;/TR&gt;&lt;/TBODY&gt;&lt;/TABLE&gt;&lt;P STYLE="margin:0 0 14 0;"&gt;&lt;SPAN&gt;Ward boundaries are defined at meshblock level. &lt;/SPAN&gt;&lt;/P&gt;&lt;P STYLE="margin:0 0 14 0;"&gt;&lt;SPAN&gt;Digital boundary data became freely available on 1 July 2015&lt;/SPAN&gt;&lt;SPAN&gt;&lt;SPAN&gt;.&lt;/SPAN&gt;&lt;/SPAN&gt;&lt;/P&gt;&lt;/DIV&gt;</gco:CharacterString>
      </gmd:abstract>
      <gmd:credit>
        <gco:CharacterString>Stats NZ</gco:CharacterString>
      </gmd:credit>
      <gmd:resourceConstraints>
        <gmd:MD_Constraints>
          <gmd:useLimitation>
            <gco:CharacterString>&lt;DIV STYLE="text-align:Left;"&gt;&lt;DIV&gt;&lt;P&gt;&lt;SPAN&gt;Creative Commons Attribution 4.0 International (CC BY 4.0)&lt;/SPAN&gt;&lt;/P&gt;&lt;/DIV&gt;&lt;/DIV&gt;</gco:CharacterString>
          </gmd:useLimitation>
        </gmd:MD_Constraints>
      </gmd:resourceConstraints>
      <gmd:spatialRepresentationType>
        <gmd:MD_SpatialRepresentationTypeCode codeList="./resources/codeList.xml#MD_SpatialRepresentationTypeCode" codeListValue="001"/>
      </gmd:spatialRepresentationType>
      <gmd:language>
        <gco:CharacterString>eng</gco:CharacterString>
      </gmd:language>
      <gmd:characterSet>
        <gmd:MD_CharacterSetCode codeList="./resources/codeList.xml#MD_CharacterSetCode" codeListValue="004"/>
      </gmd:characterSet>
      <gmd:topicCategory>
        <gmd:MD_TopicCategoryCode>boundaries</gmd:MD_TopicCategoryCode>
      </gmd:topicCategory>
      <gmd:environmentDescription>
        <gco:CharacterString>Version 6.2 (Build 9200) ; Esri ArcGIS 10.8.1.14362</gco:CharacterString>
      </gmd:environmentDescription>
      <gmd:extent>
        <gmd:EX_Extent>
          <gmd:geographicElement/>
        </gmd:EX_Extent>
      </gmd:extent>
      <gmd:extent>
        <gmd:EX_Extent>
          <gmd:geographicElement/>
        </gmd:EX_Extent>
      </gmd:extent>
      <gmd:extent>
        <gmd:EX_Extent>
          <gmd:geographicElement/>
        </gmd:EX_Extent>
      </gmd:extent>
    </gmd:MD_DataIdentification>
  </gmd:identificationInfo>
  <gmd:distributionInfo>
    <gmd:MD_Distribution>
      <gmd:transferOptions>
        <gmd:MD_DigitalTransferOptions>
          <gmd:transferSize>
            <gco:Real>55.333</gco:Real>
          </gmd:transferSize>
        </gmd:MD_DigitalTransferOptions>
      </gmd:transferOptions>
    </gmd:MD_Distribution>
  </gmd:distributionInfo>
  <gmd:dataQualityInfo>
    <gmd:DQ_DataQuality>
      <gmd:scope>
        <gmd:DQ_Scope>
          <gmd:level>
            <gmd:MD_ScopeCode codeList="./resources/codeList.xml#MD_ScopeCode" codeListValue="005"/>
          </gmd:level>
        </gmd:DQ_Scope>
      </gmd:scope>
      <gmd:lineage>
        <gmd:LI_Lineage>
          <gmd:statement>
            <gco:CharacterString>Ward boundaries are based on the meshblock pattern. Ward boundaries are reviewed every three years, in the year before the three-yearly local government elections. Requests for change are received from territorial authorities or the Electoral Enrolment Centre. 

Non-alignment of meshblock and cadastral boundaries are one of several reasons for meshblock boundary adjustments. Other reasons include requests from local authorities, Local Government Commission, Electoral Representation Commission, and to make Census of Population and Dwellings enumeration processes easier.

The digital meshblock boundaries, and other boundaries based on dissolved meshblocks, are stored and maintained by Land Information New Zealand within their Landonline database, an ArcInfo suite.

From the meshblock pattern, higher geographies, including the 2015 ward boundary pattern were dissolved using the dissolve tool in the Arc GIS suite to create multiple output datasets.</gco:CharacterString>
          </gmd:statement>
        </gmd:LI_Lineage>
      </gmd:lineage>
    </gmd:DQ_DataQuality>
  </gmd:dataQualityInfo>
</gmd:MD_Metadata>